[
    {
      "question": "What courses are offered?",
      "answer": "We offer B.Tech, M.Tech, MBA, BBA, B.Sc, and diploma programs across various departments."
    },
    {
      "question": "What is the eligibility for B.Tech?",
      "answer": "You need a minimum of 60% in 12th grade with Physics, Chemistry, and Mathematics."
    },
    {
      "question": "What is the tuition fee for MBA?",
      "answer": "The tuition fee for the MBA program is ₹1,20,000 per year."
    },
    {
      "question": "When does the semester start?",
      "answer": "The semester begins on July 10th, according to the academic calendar."
    },
    {
      "question": "How can I apply for admission?",
      "answer": "You can apply through our online admission portal. Visit: www.university.edu/admissions"
    },
    {
      "question": "Where can I find the exam schedule?",
      "answer": "The exam schedule is available on the student portal under the 'Exam Section'."
    },
    {
      "question": "How do I check my results?",
      "answer": "Log in to the student portal with your credentials and click on 'View Results'."
    },
    {
      "question": "Where can I download the syllabus?",
      "answer": "Syllabus PDFs can be downloaded from the LMS portal or your department's website."
    },
    {
      "question": "Can I get study materials online?",
      "answer": "Yes! All study materials are uploaded on the LMS portal, accessible via student login."
    },
    {
      "question": "What are the important dates for admission?",
      "answer": "Admissions close on June 30th. Counseling will be held from July 1st to 5th."
    }
  ]
  